#,AccX,AccY,AccZ,GyrX,GyrY,GyrZ
0,22,38,-249,90,0,2
1,22,37,-249,90,0,-2
2,21,35,-249,86,2,-6
3,21,33,-250,82,6,-6
4,21,32,-250,78,6,-10
5,21,31,-250,64,8,-8
6,21,30,-250,62,14,-12
7,21,29,-250,32,22,-18
8,21,29,-250,28,24,-20
9,21,29,-250,20,24,-24
10,21,29,-250,24,24,-22
11,21,29,-250,14,24,-22
12,21,29,-250,2,30,-26
13,21,30,-250,0,28,-26
14,21,30,-250,0,30,-26
15,21,30,-250,-6,28,-28
16,21,30,-250,0,26,-26
17,21,31,-250,8,26,-24
18,21,32,-250,8,24,-22
19,21,32,-250,10,22,-18
20,21,31,-250,12,22,-18
21,21,31,-250,12,22,-16
22,21,31,-250,8,20,-16
23,21,31,-250,8,18,-16
24,21,31,-250,-6,18,-16
25,21,32,-250,2,18,-16
26,21,32,-250,8,12,-18
27,21,33,-250,2,14,-18
28,21,33,-250,0,14,-18
29,21,33,-250,2,14,-20
30,21,34,-250,-4,18,-20
31,21,34,-250,-2,18,-22
32,21,34,-250,-6,20,-22
33,21,34,-250,0,20,-24
34,21,35,-250,-4,20,-26
35,21,35,-250,-18,22,-24
36,21,37,-250,18,22,-26
37,21,37,-250,-4,20,-26
38,21,37,-250,-22,24,-28
39,20,41,-248,22,4,16
40,21,39,-249,-12,16,-14
41,21,39,-249,-12,16,-12
42,21,40,-249,-4,16,-12
43,21,41,-249,-8,16,-14
44,21,42,-249,0,16,-18
45,21,41,-249,10,16,-18
46,21,42,-249,12,16,-18
47,21,42,-249,14,18,-20
48,21,43,-249,14,16,-18
49,21,43,-249,16,16,-22
50,21,42,-249,20,20,-22
51,21,42,-250,14,18,-22
52,21,41,-249,10,16,-20
53,21,42,-249,10,14,-20
54,21,42,-249,18,16,-20
55,21,42,-249,20,18,-22
56,21,42,-249,12,20,-20
57,21,42,-249,6,18,-18
58,21,42,-249,8,18,-20
59,21,42,-249,20,16,-18
60,21,42,-250,22,18,-20
61,21,42,-249,22,18,-20
62,21,41,-249,22,18,-18
63,21,42,-249,30,20,-18
64,21,42,-249,24,20,-18
65,21,41,-249,24,20,-16
66,21,41,-249,24,20,-16
67,21,41,-249,22,20,-18
68,21,41,-249,20,18,-18
69,22,41,-249,18,18,-16
70,22,41,-249,20,14,-18
71,22,41,-249,22,14,-16
72,21,41,-249,22,16,-16
73,22,41,-249,14,18,-16
74,22,41,-249,14,18,-16
75,22,41,-249,6,20,-18
76,22,41,-249,4,20,-18
77,22,41,-249,-2,22,-20
78,22,41,-249,0,24,-20
79,23,41,-249,0,22,-20
80,23,41,-249,0,24,-20
81,23,41,-249,0,24,-20
82,23,41,-249,-2,26,-20
83,23,41,-249,-8,32,-20
84,23,42,-250,-58,54,-4
85,26,44,-248,-98,56,16
86,27,46,-248,-58,36,12
87,27,47,-248,-16,14,0
88,27,48,-248,0,10,0
89,27,49,-248,20,4,0
90,27,48,-248,16,6,-4
91,27,48,-248,18,8,-4
92,27,48,-248,16,10,-6
93,27,48,-248,22,10,-10
94,27,48,-248,18,14,-12
95,27,48,-248,38,-10,6
96,27,48,-248,20,16,-6
97,28,48,-248,8,16,-12
98,28,48,-248,-2,22,-10
99,28,49,-248,-64,48,-4
100,29,51,-247,-114,78,2
101,30,54,-247,-158,96,0
102,31,57,-246,-176,96,-8
103,33,60,-245,-138,82,-6
104,34,63,-244,-88,58,-8
105,35,64,-245,-52,44,-8
106,35,65,-245,-32,32,-14
107,35,66,-245,-18,32,-14
108,35,66,-245,-8,30,-14
109,35,66,-245,0,26,-16
110,35,67,-245,0,26,-18
111,35,67,-245,-20,30,-18
112,35,68,-244,-50,38,-16
113,36,70,-243,-58,38,-20
114,36,72,-242,-38,34,-18
115,37,73,-242,-12,26,-22
116,37,73,-241,46,16,-20
117,37,72,-242,64,8,-24
118,37,71,-243,42,12,-22
119,37,72,-242,126,-10,-26
120,36,68,-243,152,-20,-34
121,35,66,-244,142,-14,-30
122,35,64,-245,-14,24,-26
123,35,66,-244,-146,60,-40
124,36,69,-243,-76,62,-32
125,34,73,-248,-146,122,-36
126,40,76,-247,-184,224,-132
127,41,78,-244,-262,226,-264
128,43,84,-234,42,98,-286
129,39,79,-234,308,-112,-264
130,34,73,-242,10,-114,-218
131,34,87,-233,-676,24,-210
132,33,99,-226,32,-72,-166
133,29,88,-231,174,-98,-122
134,27,91,-230,-420,16,-116
135,26,96,-229,-6,-56,-104
136,23,97,-230,-80,-44,-92
137,23,102,-229,-94,-18,-86
138,21,103,-229,-48,-14,-74
139,20,105,-229,-44,-2,-62
140,20,107,-228,-58,16,-56
141,20,109,-227,-56,24,-46
142,19,111,-228,-84,28,-44
143,19,112,-228,-102,34,-44
144,18,115,-226,-102,26,-50
145,17,117,-225,-94,8,-58
146,17,119,-225,-84,2,-54
147,17,121,-225,-50,2,-30
148,17,121,-224,-30,14,-16
149,16,122,-224,-38,14,-26
150,16,123,-221,-24,-16,-26
151,14,124,-220,-66,-62,-56
152,12,126,-221,-96,-88,-84
153,10,129,-221,-96,-92,-76
154,7,129,-222,-48,-96,-72
155,5,131,-221,-38,-104,-68
156,2,132,-221,-18,-82,-58
157,0,133,-220,-8,-54,-30
158,-1,133,-220,-6,-24,10
159,0,133,-219,-34,0,26
160,0,135,-217,8,12,40
161,1,133,-217,58,40,36
162,3,132,-217,30,72,-12
163,4,134,-216,36,92,-38
164,6,135,-217,26,94,-38
165,7,135,-217,44,64,-24
166,9,135,-218,18,60,-20
167,10,135,-217,8,68,-8
168,12,135,-217,2,70,-16
169,13,135,-217,12,74,-20
170,14,135,-217,20,84,-24
171,14,134,-217,12,80,-40
172,14,135,-216,10,70,-44
173,14,135,-217,4,62,-38
174,14,135,-217,2,56,-38
175,14,135,-217,-4,52,-38
176,14,136,-217,-12,48,-36
177,14,136,-217,-12,44,-38
178,14,137,-217,-4,36,-32
179,14,137,-216,-2,34,-30
180,14,137,-216,0,30,-28
181,14,138,-216,8,24,-24
182,14,138,-216,16,16,-24
183,14,138,-216,18,14,-24
184,14,138,-216,20,12,-24
185,14,138,-216,16,14,-26
186,14,138,-216,18,16,-24
187,14,138,-216,14,20,-20
188,14,138,-216,12,16,-20
189,14,138,-216,12,14,-20
190,14,138,-216,14,12,-20
191,14,138,-216,20,12,-20
192,14,138,-216,18,12,-22
193,14,138,-216,14,10,-20
194,14,138,-216,10,6,-16
195,14,138,-216,8,6,-14
196,14,138,-216,12,2,-16
197,14,138,-216,14,0,-16
198,14,138,-216,14,2,-18
199,13,138,-216,18,4,-16
200,13,138,-216,14,6,-18
201,13,138,-216,16,4,-16
202,12,138,-216,16,2,-14
203,13,138,-216,14,6,-12
204,13,138,-216,12,6,-14
205,13,138,-216,16,6,-16
206,12,138,-216,16,8,-18
207,12,138,-216,14,12,-20
208,12,138,-216,16,10,-20
209,12,138,-216,12,8,-20
210,12,138,-216,12,6,-18
211,12,138,-216,6,4,-22
212,12,138,-216,8,6,-20
213,12,138,-216,8,14,-24
214,12,138,-216,6,16,-24
215,12,138,-216,6,14,-22
216,11,138,-216,6,18,-20
217,11,138,-216,4,16,-22
218,11,138,-216,10,18,-26
219,10,139,-216,4,12,-26
220,11,139,-216,4,8,-24
221,11,139,-216,6,10,-26
222,10,139,-216,12,16,-24
223,10,139,-216,8,14,-26
224,10,139,-216,10,10,-26
225,10,139,-216,8,8,-28
226,9,139,-216,12,12,-30
227,9,139,-216,12,14,-32
228,8,139,-216,16,10,-28
229,8,139,-216,22,14,-34
230,8,140,-216,12,18,-38
231,8,139,-216,30,6,-22
232,8,139,-216,24,12,-18
233,8,138,-216,22,14,-24
234,8,138,-216,42,-4,-12
235,7,138,-216,14,16,-24
236,8,137,-217,30,-8,-12
237,8,137,-216,18,4,-12
238,7,136,-217,16,4,-18
239,6,137,-217,22,8,-20
240,6,136,-217,22,18,-24
241,8,137,-216,12,12,-26
242,6,137,-217,14,14,-22
243,6,137,-217,18,12,-18
244,6,137,-217,24,14,-12
245,6,136,-217,30,16,-14
246,5,136,-217,30,16,-16
247,6,136,-217,24,-2,-16
248,6,135,-217,30,2,-12
249,6,136,-217,36,8,-2
250,5,135,-218,38,14,2
251,6,135,-218,24,6,0
252,5,134,-219,28,-4,4
253,5,133,-219,32,0,0
254,5,133,-220,32,6,-6
255,5,135,-220,20,34,-12
256,-3,166,-209,78,-22,310
257,-28,194,-199,-10,-362,1204
258,-59,177,-205,-44,-1070,2306
259,-77,134,-219,-2,-1440,2672
260,-74,98,-228,94,-1354,2446
261,-74,66,-242,54,-966,1750
262,-80,48,-253,66,-326,704
263,-92,48,-252,98,334,-522
264,-94,85,-244,64,742,-1224
265,-84,108,-230,164,684,-1222
266,-72,118,-228,190,562,-1120
267,-58,118,-229,174,480,-972
268,-45,115,-230,174,412,-834
269,-32,113,-230,150,352,-732
270,-23,111,-232,134,312,-644
271,-14,110,-232,120,272,-566
272,-8,109,-232,104,236,-498
273,-1,109,-232,96,192,-428
274,2,108,-232,88,172,-374
275,6,107,-233,80,146,-324
276,10,105,-234,74,126,-276
277,12,104,-234,74,118,-244
278,14,104,-234,60,108,-224
279,17,103,-234,56,92,-204
280,18,103,-234,50,82,-176
281,19,102,-234,46,78,-152
282,21,102,-234,44,70,-134
283,23,101,-234,34,60,-120
284,23,101,-235,36,52,-106
285,24,100,-235,42,58,-94
286,25,99,-234,42,60,-94
287,27,100,-233,30,54,-90
288,26,100,-235,30,44,-78
289,27,100,-234,22,44,-70
290,27,100,-234,22,44,-62
291,28,99,-234,22,36,-60
292,28,99,-234,18,30,-56
293,29,99,-235,16,28,-58
294,28,99,-235,14,30,-58
295,29,99,-234,16,28,-62
296,29,100,-234,10,32,-60
297,29,99,-234,16,24,-48
298,29,99,-235,16,38,-50
299,29,99,-235,14,40,-48
300,29,99,-234,14,40,-48
301,30,99,-234,16,34,-44
302,30,99,-234,16,34,-42
303,30,99,-234,22,32,-46
304,30,99,-234,28,34,-54
305,31,99,-233,26,38,-60
306,30,100,-234,20,32,-54
307,30,99,-235,18,30,-48
308,30,99,-235,12,32,-44
309,30,98,-235,4,26,-46
310,30,99,-235,8,32,-42
311,30,98,-235,10,34,-48
312,29,98,-235,16,38,-54
313,30,99,-235,10,36,-56
314,30,99,-235,12,26,-50
315,30,99,-235,10,28,-50
316,30,99,-235,8,24,-52
317,30,99,-235,12,22,-50
318,30,99,-235,18,18,-42
319,30,99,-235,20,16,-36
320,30,99,-235,16,18,-42
321,30,99,-235,10,10,-40
322,30,100,-235,8,14,-36
323,30,100,-235,12,16,-34
324,29,99,-235,16,16,-32
325,30,100,-235,10,14,-38
326,30,100,-235,8,14,-34
327,29,100,-235,18,18,-30
328,29,100,-235,20,24,-38
329,29,100,-235,8,22,-40
330,29,100,-235,10,18,-34
331,29,100,-235,4,12,-30
332,29,100,-235,4,16,-30
333,29,100,-235,10,14,-32
334,29,101,-235,10,14,-28
335,29,101,-235,8,12,-22
336,29,100,-235,20,12,-18
337,28,99,-235,20,12,-28
338,28,100,-235,10,10,-36
339,28,100,-235,8,0,-28
340,28,100,-235,4,2,-22
341,28,99,-235,4,8,-20
342,27,99,-235,10,12,-26
343,28,100,-235,12,10,-28
344,27,100,-235,14,16,-24
345,28,100,-235,16,24,-26
346,28,100,-235,18,22,-26
347,28,101,-234,10,14,-22
348,28,101,-234,0,0,-14
349,28,101,-234,4,0,-14
350,27,100,-234,6,4,-18
351,27,100,-234,8,2,-22
352,27,100,-234,6,2,-14
353,27,100,-234,14,4,-6
354,26,99,-234,24,0,-8
355,26,100,-234,10,0,-18
356,26,100,-234,8,0,-16
357,25,100,-234,8,2,-14
358,25,100,-234,6,6,-12
359,25,100,-234,16,10,-14
360,25,100,-234,12,8,-18
361,25,100,-234,16,10,-14
362,25,100,-234,20,8,-16
363,24,100,-234,24,10,-26
364,24,101,-233,12,2,-30
365,24,101,-235,8,0,-22
366,23,101,-235,12,8,-18
367,23,100,-234,12,8,-18
368,23,100,-234,10,0,-28
369,23,100,-235,12,-8,-22
370,22,100,-235,18,0,-20
371,22,100,-235,16,2,-20
372,21,100,-235,18,2,-20
373,21,100,-235,14,-6,-26
374,20,100,-235,18,-20,-30
375,29,114,-248,2,-48,-12
376,3,143,-287,302,1308,640
377,-33,122,-253,540,3094,1064
378,-39,91,-150,690,3222,930
379,-38,78,-91,366,1526,526
380,-54,70,-86,82,-604,-24
381,-65,80,-151,-10,-1386,-174
382,-55,101,-189,0,-1202,-132
383,-44,103,-192,-20,-914,-134
384,-36,99,-191,-58,-808,-152
385,-29,100,-200,-16,-724,-148
386,-22,101,-207,-6,-630,-122
387,-17,100,-211,-14,-540,-102
388,-13,100,-214,0,-464,-88
389,-9,99,-217,4,-400,-82
390,-6,99,-219,0,-342,-80
391,-3,99,-222,8,-288,-74
392,-1,98,-224,8,-238,-70
393,0,98,-225,26,-198,-62
394,1,98,-226,30,-170,-62
395,1,97,-229,28,-156,-54
396,1,97,-231,22,-122,-50
397,1,97,-230,14,-96,-46
398,2,96,-232,18,-80,-46
399,2,96,-232,12,-66,-40
400,2,96,-233,22,-46,-30
401,2,95,-234,16,-32,-36
402,5,95,-233,12,-14,-50
403,12,99,-234,-8,72,-36
404,18,101,-233,48,164,8
405,23,98,-233,36,148,64
406,23,96,-233,20,122,112
407,23,93,-234,0,64,132
408,20,92,-233,-40,-40,116
409,14,93,-232,-86,-114,54
410,12,96,-234,-66,-68,-8
411,11,95,-235,102,-24,-4
412,1,99,-244,278,60,80
413,8,86,-236,270,28,14
414,11,84,-238,296,12,34
415,12,79,-239,258,34,26
416,12,75,-241,248,36,20
417,13,71,-242,210,38,14
418,14,67,-244,192,34,2
419,15,64,-244,168,36,-6
420,16,62,-245,148,30,-8
421,16,61,-246,138,28,-12
422,16,58,-246,112,32,-18
423,16,57,-246,120,28,-22
424,17,54,-247,94,30,-24
425,18,54,-247,98,28,-26
426,18,52,-247,78,28,-28
427,18,52,-247,74,26,-24
428,18,51,-247,64,28,-26
429,18,49,-247,64,28,-28
430,18,49,-247,56,26,-28
431,18,48,-248,56,24,-28
432,18,47,-248,52,22,-26
433,18,47,-248,46,22,-26
434,18,46,-248,44,18,-26
435,18,46,-248,46,18,-26
436,18,45,-249,36,20,-26
437,18,44,-249,36,18,-28
438,18,44,-250,36,16,-24
439,18,44,-249,34,18,-26
440,18,43,-249,28,16,-24
441,18,43,-249,26,18,-24
442,18,43,-249,20,18,-22
443,18,43,-249,24,18,-26
444,18,43,-249,18,18,-22
445,18,42,-249,22,24,-24
446,18,42,-249,4,24,-24
447,19,43,-249,10,26,-26
448,19,43,-249,10,22,-26
449,19,43,-249,-6,28,-28
450,19,43,-249,6,24,-26
451,19,43,-249,8,22,-26
452,19,43,-249,16,20,-22
453,19,43,-249,24,20,-22
454,19,43,-249,20,16,-20
455,20,44,-249,34,14,-16
456,19,43,-249,20,16,-14
457,19,42,-249,22,16,-14
458,19,42,-249,26,16,-18
459,20,42,-249,30,16,-16
460,20,42,-249,26,16,-18
461,20,42,-249,30,14,-16
462,20,41,-249,34,16,-18
463,20,41,-250,32,16,-18
464,20,41,-249,26,16,-20
465,20,41,-249,26,14,-18
466,20,40,-249,32,16,-20
467,20,39,-249,32,20,-20
468,20,39,-249,30,20,-22
469,20,39,-249,30,22,-20
470,20,38,-249,26,22,-20
471,20,39,-249,32,20,-18
472,20,39,-250,28,20,-20
473,20,39,-249,28,18,-20
474,21,39,-249,30,18,-20
475,21,39,-249,22,18,-18
476,20,38,-249,26,20,-20
477,20,38,-249,18,18,-18
478,20,38,-249,16,22,-20
479,20,38,-249,0,22,-22
480,20,38,-249,8,22,-22
481,21,38,-249,10,20,-20
482,21,38,-249,-2,22,-24
483,21,38,-249,2,24,-22
484,21,38,-249,0,20,-26
485,21,37,-249,-4,22,-22
486,21,38,-249,0,24,-26
487,21,38,-249,0,22,-24
488,21,39,-249,8,20,-24
489,21,40,-249,18,16,-22
490,21,39,-249,30,12,-22
491,21,39,-249,30,12,-20
492,21,39,-249,24,16,-24
493,21,39,-249,22,14,-22
494,21,38,-249,8,18,-24
495,21,39,-249,14,20,-22
496,21,39,-249,6,18,-22
497,21,39,-249,6,18,-20
498,21,40,-249,14,20,-20
499,21,39,-249,4,20,-20
500,21,39,-249,0,22,-22
501,21,40,-249,12,22,-20
502,21,41,-249,8,18,-20
503,22,39,-249,2,18,-22
504,22,39,-249,12,16,-18
505,22,40,-249,18,14,-20
506,22,40,-250,20,16,-22
507,22,38,-250,24,20,-28
508,22,38,-250,18,26,-28
509,22,39,-250,12,22,-42
510,23,40,-249,14,16,-44
511,22,39,-250,10,14,-38
512,22,39,-249,10,18,-38
513,22,39,-250,6,18,-38
514,22,39,-250,4,20,-34
515,23,39,-250,-2,24,-34
516,23,39,-250,-4,24,-32
517,23,39,-250,0,22,-32
518,23,40,-250,0,22,-30
519,23,40,-249,6,22,-28
520,23,40,-250,8,18,-24
521,23,40,-250,6,16,-22
522,24,41,-250,8,8,-12
523,23,40,-250,10,6,-10
524,23,41,-250,22,2,-4
525,23,40,-250,24,0,-6
526,23,40,-250,20,4,-6
527,23,40,-250,30,6,-10
528,23,40,-250,28,8,-8
529,23,40,-250,22,6,-16
530,23,40,-250,28,10,-12
531,23,40,-250,22,10,-16
532,23,39,-250,4,18,-20
533,23,40,-250,18,16,-18
534,23,40,-250,14,14,-16
535,23,40,-250,10,16,-18
536,23,40,-250,4,18,-18
537,23,40,-250,8,16,-20
538,23,39,-250,-2,20,-20
539,23,40,-250,12,20,-20
540,23,40,-250,18,14,-18
541,23,40,-250,28,10,-18
542,23,40,-250,38,12,-16
543,23,40,-250,24,14,-18
544,23,40,-250,24,14,-18
545,23,39,-250,18,16,-18
546,23,38,-250,16,18,-18
547,23,39,-250,22,16,-18
548,23,38,-250,16,18,-18
549,23,38,-250,14,18,-20
550,23,39,-250,12,18,-18
551,23,38,-250,20,20,-18
552,23,38,-250,12,22,-18
553,23,39,-250,8,22,-22
554,23,38,-250,2,22,-24
555,23,39,-250,10,20,-22
556,23,39,-250,14,20,-22
557,23,40,-250,14,16,-24
558,23,39,-250,18,14,-24
559,23,38,-250,32,10,-26
560,23,39,-250,44,16,-24
561,23,38,-250,26,8,-22
562,23,37,-250,24,14,-24
563,23,38,-250,30,12,-20
564,23,36,-251,14,18,-16
565,23,38,-250,26,16,-16
566,23,37,-250,30,12,-14
567,23,37,-250,32,12,-16
568,23,37,-250,30,10,-16
569,23,36,-250,34,8,-18
570,23,36,-250,34,10,-18
571,23,36,-250,32,8,-18
572,23,35,-250,28,12,-16
573,23,35,-250,28,18,-18
574,23,34,-250,12,20,-28
575,23,35,-250,20,20,-20
576,23,35,-250,6,20,-24
577,23,35,-250,2,20,-20
578,23,36,-249,0,24,-24
579,23,35,-250,4,14,-24
580,23,36,-250,10,12,-22
581,23,35,-250,22,6,-20
582,23,35,-250,16,2,-16
583,22,34,-250,38,-6,-12
584,22,35,-250,48,-6,-16
585,21,34,-250,54,0,-16
586,21,33,-250,40,6,-18
587,21,32,-250,40,8,-20
588,21,32,-250,36,6,-18
589,21,31,-251,38,6,-18
590,20,32,-250,34,6,-16
591,20,31,-251,36,6,-18
592,20,31,-251,36,6,-16
593,20,31,-251,34,8,-16
594,20,30,-251,26,12,-18
595,20,30,-251,24,12,-18
596,20,30,-251,24,16,-20
597,20,30,-251,28,14,-18
598,20,30,-251,22,16,-20
599,20,30,-251,18,16,-22
600,20,30,-250,10,22,-24
601,20,30,-251,10,22,-22
602,20,30,-251,2,24,-22
603,20,30,-251,0,24,-20
604,20,30,-251,0,28,-22
605,20,30,-251,2,28,-20
606,20,31,-251,0,26,-20
607,20,31,-251,8,24,-22
608,20,31,-251,18,24,-20
609,20,31,-251,18,20,-20
610,20,31,-251,12,22,-18
611,20,31,-251,14,20,-16
612,20,31,-251,12,22,-18
613,20,31,-251,20,16,-14
614,20,31,-251,22,16,-16
615,20,31,-251,26,12,-16
616,20,31,-251,30,12,-18
617,20,31,-251,26,12,-18
618,20,30,-251,26,14,-20
619,20,30,-251,30,14,-20
620,20,30,-251,28,14,-18
621,20,30,-251,12,16,-16
622,20,29,-251,12,20,-18
623,20,30,-251,12,20,-18
624,20,30,-251,12,22,-20
625,20,30,-251,6,22,-20
626,20,29,-251,0,24,-22
627,20,30,-251,0,22,-22
628,20,30,-251,4,24,-22
629,20,30,-251,18,16,-18
630,20,30,-251,32,20,-22
631,20,30,-251,38,18,-22
632,20,29,-251,38,14,-22
633,20,28,-251,38,12,-18
634,20,28,-251,34,14,-18
635,20,27,-251,24,12,-20
636,20,26,-251,28,8,-18
637,20,27,-251,28,6,-18
638,20,27,-251,12,12,-18
639,20,27,-251,0,14,-18
640,20,27,-251,4,10,-18
641,20,27,-251,16,8,-18
642,20,27,-251,22,6,-16
643,20,27,-251,18,6,-16
644,20,27,-252,8,12,-18
645,20,27,-251,10,10,-18
646,20,28,-251,8,14,-22
647,20,28,-251,-8,18,-18
648,20,27,-251,-6,18,-20
649,20,28,-251,14,16,-16
650,20,28,-251,16,18,-18
651,20,28,-251,22,16,-18
652,20,27,-251,26,14,-20
653,20,27,-251,26,10,-18
654,20,27,-251,28,10,-20
655,20,27,-251,20,14,-16
656,20,27,-251,24,12,-16
657,20,27,-251,14,16,-18
658,20,27,-251,10,18,-20
659,20,27,-251,14,18,-18
660,20,27,-251,4,22,-22
661,20,28,-251,4,20,-24
662,20,27,-251,4,22,-24
663,20,27,-251,2,22,-22
664,20,28,-251,0,22,-22
665,20,28,-251,4,24,-20
666,20,28,-251,0,22,-20
667,20,28,-251,2,22,-20
668,20,28,-251,0,22,-22
669,20,28,-251,8,18,-22
670,20,28,-251,8,20,-22
671,20,28,-251,14,16,-24
672,20,28,-251,14,18,-26
673,20,28,-251,22,16,-26
674,20,28,-251,26,14,-26
675,20,28,-251,26,16,-24
676,20,27,-251,26,20,-24
677,20,27,-251,26,18,-20
678,20,27,-251,32,16,-22
679,20,27,-251,32,16,-16
680,20,26,-251,30,16,-16
681,20,26,-251,32,18,-16
682,20,27,-251,16,20,-20
683,21,26,-251,20,20,-18
684,20,27,-251,24,20,-18
685,20,26,-251,6,22,-20
686,20,26,-251,12,22,-20
687,20,26,-252,8,16,-22
688,20,26,-251,8,18,-22
689,20,26,-251,12,16,-22
690,20,26,-251,14,18,-24
691,20,26,-251,16,18,-24
692,20,26,-251,4,20,-28
693,20,26,-251,2,20,-24
694,20,27,-251,4,20,-22
695,20,27,-251,6,18,-22
696,20,27,-251,14,16,-24
697,20,27,-251,16,14,-24
698,20,27,-251,16,14,-22
699,20,27,-251,12,16,-20
700,20,27,-251,12,14,-22
701,20,27,-251,20,10,-22
702,20,27,-251,24,6,-18
703,20,26,-251,22,4,-14
704,20,26,-251,26,2,-12
705,20,26,-251,26,0,-10
706,20,25,-251,28,0,-12
707,20,25,-251,24,4,-14
708,20,24,-252,12,8,-12
709,20,25,-251,26,6,-10
710,20,25,-252,22,6,-10
711,20,25,-252,22,8,-8
712,20,24,-252,20,8,-8
713,20,24,-252,18,12,-10
714,20,24,-251,18,12,-12
715,20,24,-252,26,20,-14
716,20,24,-252,10,26,-20
717,20,24,-252,0,28,-20
718,20,25,-252,0,26,-22
719,20,25,-252,4,22,-20
720,20,25,-252,-4,24,-20
721,20,25,-252,0,22,-18
722,20,26,-253,4,22,-20
723,20,26,-252,8,16,-18
724,20,26,-252,0,18,-18
725,20,26,-252,2,20,-18
726,20,26,-252,4,20,-14
727,20,27,-252,22,20,-6
728,20,26,-252,32,14,-4
729,20,26,-252,18,14,-6
730,20,26,-252,12,16,-8
731,20,26,-252,24,18,-12
732,20,26,-252,20,20,-14
733,20,26,-252,22,18,-14
734,20,26,-252,10,16,-12
735,20,26,-252,10,14,-12
736,20,25,-252,4,12,-10
737,20,26,-252,22,10,-14
738,20,25,-252,16,10,-12
739,20,26,-252,22,8,-12
740,20,25,-252,14,10,-12
741,20,26,-252,18,12,-14
742,20,26,-252,12,12,-14
743,20,26,-252,14,14,-14
744,20,26,-252,10,14,-14
745,20,26,-252,16,12,-16
746,20,25,-252,12,14,-16
747,20,25,-252,16,12,-16
748,20,25,-252,8,14,-16
749,20,25,-252,16,12,-16
750,20,25,-252,12,14,-16
751,20,25,-252,12,14,-18
752,20,25,-252,6,18,-16
753,20,25,-252,12,20,-16
754,20,24,-252,0,44,-20
755,19,25,-253,-100,140,-44
756,23,27,-252,-52,266,-138
757,29,27,-249,-22,272,-270
758,31,29,-250,44,244,-336
759,34,30,-249,88,192,-312
760,36,31,-249,84,144,-214
761,37,31,-249,36,98,-68
762,39,30,-248,30,68,58
763,41,30,-249,24,-52,146
764,36,26,-250,-12,-112,124
765,33,30,-250,44,-118,108
766,32,29,-250,22,-100,94
767,30,28,-250,22,-80,74
768,28,28,-248,18,-62,58
769,26,27,-251,36,-54,48
770,26,26,-251,74,-52,54
771,24,26,-250,30,-34,34
772,24,26,-251,26,-20,26
773,23,26,-251,26,-12,16
774,22,26,-251,22,-6,10
775,22,26,-251,24,0,0
776,22,26,-251,14,6,-2
777,22,26,-251,18,10,-4
778,22,26,-251,22,10,-8
779,21,26,-251,20,12,-10
780,21,26,-251,22,10,-8
781,21,26,-251,12,10,-6
782,21,25,-251,16,12,-4
783,21,26,-251,12,10,-4
784,21,26,-251,4,4,-2
785,20,26,-251,0,8,-6
786,20,26,-251,12,8,-4
787,20,25,-251,24,0,-12
788,20,26,-251,14,0,-14
789,20,26,-251,4,0,-14
790,19,26,-251,-10,-14,-14
791,18,25,-253,-56,-58,-10
792,8,26,-258,-164,106,-30
793,13,26,-257,-152,224,-216
794,15,26,-251,-132,314,-524
795,19,32,-247,-140,322,-752
796,23,42,-245,-90,282,-770
797,24,46,-245,-88,236,-716
798,25,54,-245,-146,218,-664
799,24,55,-245,-8,184,-528
800,26,59,-245,-2,154,-438
801,27,62,-247,54,174,-366
802,28,67,-246,260,164,-218
803,34,70,-243,60,148,106
804,35,63,-238,-156,-24,498
805,25,51,-239,-118,-226,524
806,24,51,-245,-20,-138,476
807,25,51,-242,26,-122,400
808,24,48,-244,14,-108,338
809,23,48,-246,24,-98,292
810,23,47,-246,42,-84,252
811,22,46,-246,40,-68,216
812,22,45,-247,32,-40,170
813,21,43,-250,-120,12,112
814,21,39,-254,-116,196,-54
815,22,37,-253,-16,302,-300
816,26,42,-247,34,306,-590
817,29,48,-243,22,252,-760
818,30,57,-243,108,210,-712
819,31,57,-243,98,162,-658
820,31,60,-246,6,166,-580
821,33,60,-244,120,130,-510
822,33,61,-246,36,106,-418
823,34,59,-247,72,118,-374
824,35,60,-245,112,102,-322
825,35,66,-246,222,132,-230
826,39,68,-245,150,168,66
827,41,63,-242,-170,74,468
828,35,57,-238,-282,-130,610
829,32,55,-248,78,-320,680
830,29,50,-251,2,-194,512
831,30,45,-247,48,-186,428
832,28,45,-247,22,-140,374
833,28,44,-247,22,-122,328
834,27,44,-247,36,-100,282
835,26,42,-247,28,-82,238
836,25,41,-248,36,-70,204
837,25,40,-248,32,-56,174
838,24,39,-249,28,-44,144
839,24,38,-249,36,-28,114
840,24,37,-249,56,-20,90
841,24,37,-250,44,-10,72
842,24,36,-250,42,-4,56
843,24,35,-250,36,0,44
844,23,35,-250,22,4,34
845,23,35,-250,26,2,26
846,23,34,-250,22,4,18
847,23,34,-250,34,2,6
848,23,33,-250,38,8,-4
849,23,33,-250,22,16,-4
850,23,33,-250,6,12,-4
851,23,33,-250,0,18,0
852,23,33,-250,-14,24,-2
853,23,34,-250,-22,30,-4
854,24,34,-250,14,30,-4
855,24,34,-250,22,34,-6
856,24,33,-250,30,24,-2
857,26,33,-250,42,2,0
858,24,32,-250,54,2,0
859,24,32,-250,50,0,-2
860,24,31,-250,52,2,-2
861,24,30,-250,56,0,-4
862,24,30,-250,50,4,-8
863,24,29,-250,44,6,-8
864,24,28,-250,38,8,-10
865,24,28,-250,36,6,-10
866,24,28,-250,34,8,-14
867,24,28,-250,32,10,-14
868,24,27,-250,26,10,-16
869,24,27,-250,28,10,-14
870,24,27,-251,30,10,-16
871,23,26,-251,32,10,-16
872,23,26,-251,44,6,-16
873,23,25,-251,60,20,-16
874,23,24,-251,46,8,-16
875,22,24,-251,18,4,-18
876,22,23,-252,10,12,-16
877,22,24,-252,10,12,-16
878,22,24,-251,6,20,-16
879,22,24,-251,16,16,-16
880,22,24,-251,18,12,-14
881,22,23,-252,14,22,-16
882,22,23,-251,10,18,-16
883,22,24,-251,14,16,-18
884,22,24,-251,14,16,-16
885,22,24,-251,20,14,-20
886,22,24,-251,28,16,-18
887,22,24,-251,34,12,-20
888,22,23,-251,30,14,-16
889,22,22,-251,30,10,-18
890,22,22,-251,28,10,-16
891,21,22,-252,30,10,-16
892,21,21,-251,24,10,-18
893,21,20,-251,26,12,-18
894,21,21,-251,26,12,-16
895,21,20,-251,22,12,-20
896,21,20,-251,24,10,-20
897,21,21,-251,32,8,-16
898,21,20,-252,24,8,-16
899,21,20,-252,16,18,-14
900,21,20,-251,14,16,-16
901,21,20,-252,10,16,-18
902,21,20,-252,20,16,-20
903,21,20,-252,24,16,-18
904,21,20,-252,16,14,-20
905,21,20,-252,18,14,-18
906,21,20,-252,8,18,-20
907,21,21,-252,6,18,-20
908,21,20,-252,4,18,-22
909,21,21,-252,4,20,-22
910,21,20,-252,2,16,-24
911,21,20,-252,10,18,-20
912,21,20,-252,8,18,-22
913,21,20,-252,6,18,-22
914,21,20,-252,8,16,-22
915,21,20,-252,8,18,-20
916,21,20,-252,6,18,-22
917,21,20,-252,12,20,-20
918,21,20,-252,6,16,-22
919,21,20,-252,8,18,-22
920,21,21,-252,14,14,-22
921,21,21,-252,12,16,-22
922,21,21,-252,28,18,-24
923,21,21,-252,40,24,-22
924,22,21,-252,48,34,-16
925,22,20,-252,22,26,-16
926,22,19,-252,44,12,-12
927,22,19,-252,46,10,-12
928,22,20,-251,40,8,-16
929,22,18,-252,22,10,-20
930,22,19,-251,42,8,-20
931,22,19,-252,56,6,-22
932,22,17,-252,48,10,-18
933,22,16,-252,32,12,-20
934,22,15,-252,26,12,-18
935,22,15,-252,28,12,-20
936,22,15,-252,8,14,-20
937,22,15,-252,14,12,-22
938,21,16,-252,10,14,-20
939,22,14,-252,2,16,-22
940,22,15,-252,12,16,-18
941,22,15,-252,12,14,-22
942,22,15,-252,16,16,-20
943,22,15,-252,16,20,-20
944,21,15,-252,14,30,-20
945,22,15,-252,24,26,-18
946,22,14,-252,0,22,-20
947,22,15,-252,8,18,-20
948,22,15,-253,2,18,-20
949,22,15,-252,10,16,-22
950,22,16,-252,4,18,-22
951,22,16,-252,0,22,-22
952,22,16,-252,4,22,-20
953,22,16,-252,14,20,-16
954,22,17,-252,8,18,-18
955,22,16,-252,-2,18,-20
956,22,17,-252,2,20,-20
957,22,17,-252,-16,22,-18
958,20,14,-259,2,74,-28
959,24,11,-263,34,266,-260
960,28,8,-264,184,536,-574
961,36,5,-257,704,742,-962
962,48,0,-248,1376,762,-1334
963,59,-11,-240,1902,648,-1602
964,71,-22,-228,2208,498,-1646
965,83,-35,-218,2234,374,-1496
966,98,-54,-206,1978,328,-1296
967,111,-66,-191,1878,274,-1144
968,121,-78,-178,1704,210,-1002
969,130,-89,-166,1452,200,-882
970,138,-97,-156,1234,172,-772
971,146,-104,-148,1066,150,-676
972,152,-110,-141,928,134,-586
973,157,-115,-136,758,128,-512
974,161,-119,-131,670,110,-440
975,165,-124,-128,570,102,-388
976,169,-127,-123,468,100,-340
977,172,-129,-120,398,92,-298
978,175,-130,-117,334,86,-260
979,177,-132,-115,248,88,-224
980,179,-134,-113,194,82,-196
981,181,-134,-112,156,76,-172
982,183,-136,-111,130,64,-152
983,184,-136,-111,100,62,-136
984,185,-136,-110,78,58,-120
985,186,-136,-110,50,56,-100
986,187,-137,-110,12,52,-88
987,188,-137,-110,-2,54,-76
988,189,-136,-110,-10,48,-68
989,189,-136,-111,-20,52,-64
990,190,-135,-111,-34,52,-60
991,191,-135,-113,-94,58,-52
992,191,-131,-111,-52,58,-38
993,192,-134,-114,2,58,-44
994,192,-134,-113,38,62,-48
995,193,-134,-112,82,60,-52
996,194,-133,-110,58,66,-50
997,195,-133,-109,30,64,-46
998,195,-132,-111,-38,58,-30
999,193,-129,-118,-388,210,84
1000,192,-135,-122,-546,618,226
1001,194,-138,-112,-624,926,118
1002,200,-133,-99,-644,972,-88
1003,208,-122,-87,-636,900,-228
1004,215,-111,-83,-896,860,-224
1005,220,-107,-78,-826,798,-232
1006,226,-93,-75,-882,798,-176
1007,233,-88,-65,-662,680,-216
1008,236,-78,-60,-564,632,-198
1009,239,-72,-54,-458,544,-172
1010,242,-66,-51,-526,506,-142
1011,245,-65,-51,-326,466,-114
1012,248,-59,-45,-414,398,-76
1013,252,-61,-33,-134,172,-2
1014,252,-60,-34,-110,130,146
1015,249,-60,-34,-426,-22,446
1016,233,-60,-45,-1126,-486,872
1017,222,-65,-59,-2080,-1070,976
1018,192,-43,-102,-2244,-1300,842
1019,176,-28,-123,-1850,-1336,762
1020,156,-11,-140,-1776,-1114,744
1021,138,-9,-160,-1470,-968,662
1022,124,2,-171,-1190,-854,586
1023,111,8,-181,-990,-736,500
1024,100,10,-191,-814,-642,432
1025,90,13,-197,-668,-560,366
1026,81,16,-205,-572,-476,310
1027,74,16,-212,-484,-408,256
1028,67,18,-217,-390,-360,224
1029,61,20,-222,-342,-310,192
1030,56,20,-226,-326,-256,152
1031,52,20,-229,-274,-218,124
1032,48,22,-232,-240,-182,92
1033,45,23,-235,-210,-144,66
1034,42,24,-237,-166,-126,54
1035,40,25,-238,-128,-108,48
1036,37,26,-240,-106,-88,34
1037,36,25,-242,-88,-76,24
1038,34,25,-243,-60,-64,14
1039,33,25,-244,-40,-54,8
1040,31,24,-245,-22,-46,4
1041,30,25,-246,-12,-40,2
1042,29,24,-246,0,-36,0
1043,28,24,-247,0,-26,-6
1044,27,24,-247,0,-22,-4
1045,26,25,-248,16,-18,0
1046,26,24,-248,8,-14,0
1047,25,24,-249,16,-10,0
1048,24,24,-249,22,-6,-4
1049,23,25,-251,16,6,0
1050,23,24,-252,2,8,-2
1051,23,24,-251,6,12,-6
1052,23,23,-251,16,12,-6
1053,22,23,-251,22,12,-6
1054,22,23,-251,22,14,-8
1055,22,22,-251,26,16,-8
1056,22,22,-251,28,22,-10
1057,22,22,-252,26,40,-18
1058,23,21,-252,52,74,8
1059,24,18,-259,-2,176,-24
1060,29,13,-265,-26,480,-312
1061,36,9,-261,210,806,-754
1062,46,12,-256,556,1086,-1212
1063,56,18,-245,882,1250,-1400
1064,69,24,-237,876,1372,-1278
1065,87,21,-225,576,1420,-1002
1066,106,28,-213,290,1250,-900
1067,124,27,-200,74,1162,-774
1068,140,30,-188,-40,1048,-678
1069,153,33,-179,-20,922,-604
1070,165,36,-170,-8,804,-532
1071,174,38,-163,6,690,-472
1072,183,40,-157,30,594,-408
1073,191,42,-151,58,508,-350
1074,197,43,-146,46,446,-300
1075,202,43,-143,36,386,-260
1076,207,45,-139,22,340,-226
1077,211,45,-136,10,300,-188
1078,215,45,-133,-18,272,-162
1079,218,46,-131,-28,244,-140
1080,221,47,-128,-40,222,-128
1081,224,48,-126,-36,194,-110
1082,226,48,-124,-50,184,-92
1083,228,49,-122,-46,164,-78
1084,230,49,-120,-50,148,-70
1085,231,50,-119,-44,130,-60
1086,232,50,-117,-50,120,-54
1087,234,51,-115,-40,108,-46
1088,235,51,-114,-30,98,-46
1089,236,52,-113,-18,84,-44
1090,237,52,-113,-26,80,-42
1091,237,52,-112,-20,68,-38
1092,238,53,-110,-10,64,-32
1093,238,53,-110,-10,56,-32
1094,238,53,-109,-4,52,-30
1095,239,53,-109,-4,48,-26
1096,239,53,-109,-2,48,-26
1097,239,54,-109,0,42,-24
1098,239,54,-108,-4,44,-22
1099,240,55,-108,2,40,-20
1100,239,54,-107,0,40,-22
1101,240,55,-107,0,36,-20
1102,240,55,-106,4,36,-20
1103,240,55,-106,6,30,-20
1104,240,55,-106,14,30,-16
1105,240,56,-106,18,26,-14
1106,240,55,-106,14,24,-22
1107,240,56,-106,26,20,-18
1108,240,55,-106,24,20,-22
1109,240,55,-106,18,18,-22
1110,240,55,-106,12,18,-24
1111,240,55,-106,10,20,-18
1112,240,55,-106,4,22,-20
1113,240,55,-106,2,22,-18
1114,241,55,-105,0,24,-22
1115,241,55,-106,2,22,-22
1116,241,55,-106,0,22,-24
1117,241,56,-105,0,20,-20
1118,241,56,-105,4,22,-22
1119,241,56,-105,0,20,-20
1120,241,56,-104,10,18,-24
1121,241,56,-105,12,18,-18
1122,241,56,-105,16,14,-24
1123,241,56,-105,16,14,-24
1124,241,56,-105,22,14,-24
1125,241,56,-105,20,12,-22
1126,241,56,-105,18,12,-22
1127,241,56,-105,18,12,-20
1128,241,56,-105,26,12,-20
1129,241,57,-105,26,14,-20
1130,241,56,-105,22,12,-24
1131,241,56,-105,28,14,-20
1132,241,56,-105,24,12,-24
1133,241,56,-105,16,16,-20
1134,241,56,-105,26,10,-22
1135,241,56,-105,22,12,-18
1136,241,56,-105,28,10,-22
1137,241,56,-106,16,12,-18
1138,241,56,-106,18,10,-22
1139,241,55,-106,16,12,-18
1140,241,55,-106,28,8,-22
1141,241,55,-107,10,14,-16
1142,241,56,-107,12,12,-20
1143,241,56,-107,12,14,-14
1144,241,56,-107,18,12,-16
1145,241,56,-107,10,14,-14
1146,241,56,-107,16,12,-18
1147,241,56,-107,10,14,-14
1148,241,56,-107,18,12,-18
1149,241,56,-107,12,14,-16
1150,241,56,-107,10,10,-20
1151,241,56,-107,12,14,-18
1152,241,56,-107,16,12,-24
1153,241,56,-107,18,14,-24
1154,241,56,-107,28,12,-26
1155,241,56,-107,20,14,-26
1156,241,56,-107,24,14,-30
1157,241,56,-107,24,18,-24
1158,241,56,-107,30,16,-26
1159,241,56,-107,26,16,-24
1160,241,56,-107,34,14,-26
1161,241,56,-107,32,16,-26
1162,241,57,-107,36,16,-26
1163,241,56,-107,32,18,-26
1164,241,56,-107,36,18,-26
1165,241,56,-107,32,20,-26
1166,241,56,-107,38,18,-26
1167,241,55,-107,36,18,-26
1168,241,56,-107,40,18,-24
1169,241,55,-107,34,20,-26
1170,241,55,-107,32,18,-22
1171,241,54,-108,26,20,-22
1172,241,55,-107,30,16,-20
1173,241,55,-107,28,16,-20
1174,241,55,-107,30,16,-20
1175,241,55,-107,24,16,-22
1176,241,55,-107,22,18,-16
1177,241,54,-107,18,18,-20
1178,241,54,-107,18,18,-18
1179,241,54,-108,18,16,-24
1180,241,55,-107,18,16,-22
1181,241,55,-107,20,14,-26
1182,241,55,-107,14,16,-22
1183,241,55,-107,12,16,-24
1184,241,55,-107,14,18,-24
1185,241,55,-107,24,14,-30
1186,241,55,-108,20,16,-26
1187,241,55,-108,22,14,-28
1188,241,55,-108,20,14,-24
1189,241,55,-108,30,8,-26
1190,241,55,-108,20,12,-22
1191,241,55,-108,26,8,-26
1192,241,55,-108,18,14,-22
1193,241,55,-108,26,12,-22
1194,241,55,-108,20,14,-20
1195,241,55,-108,32,8,-26
1196,241,55,-108,50,4,-28
1197,241,54,-109,96,-10,-28
1198,240,54,-110,94,0,-20
1199,240,53,-111,124,-6,-20
1200,240,52,-112,126,0,-18
1201,240,52,-112,138,-4,-22
1202,239,51,-114,116,2,-16
1203,239,50,-114,126,0,-18
1204,239,49,-115,102,4,-14
1205,239,49,-116,66,10,-10
1206,239,49,-116,-40,38,2
1207,239,48,-115,-32,36,0
1208,239,49,-115,-52,38,-8
1209,239,49,-114,-60,36,-6
1210,239,49,-114,-48,30,-6
1211,239,50,-114,-36,22,-16
1212,239,50,-114,-54,22,-18
1213,239,51,-114,-76,24,-20
1214,239,51,-114,-120,36,-18
1215,239,53,-112,-132,40,-24
1216,239,54,-111,-118,42,-22
1217,240,55,-110,-122,42,-24
1218,239,56,-110,-130,46,-24
1219,239,58,-108,-136,50,-30
1220,240,58,-107,-144,52,-38
1221,239,60,-106,-136,56,-32
1222,240,61,-104,-118,50,-36
1223,240,63,-103,-102,44,-36
1224,240,64,-103,-82,38,-36
1225,240,65,-102,-72,36,-30
1226,240,65,-101,-34,22,-20
1227,240,65,-100,-16,16,-14
1228,240,66,-100,14,12,-16
1229,240,65,-101,18,16,-12
1230,240,65,-101,30,12,-16
1231,240,65,-101,32,12,-12
1232,240,65,-101,28,12,-18
1233,240,64,-101,16,18,-20
1234,240,65,-101,-8,24,-24
1235,240,65,-100,-54,42,-30
1236,240,66,-100,-76,44,-40
1237,240,67,-98,-80,46,-34
1238,240,68,-97,-46,38,-28
1239,241,68,-97,-22,32,-28
1240,241,69,-96,10,24,-28
1241,241,70,-96,114,0,-28
1242,241,69,-97,172,-16,-36
1243,240,67,-99,152,-8,-26
1244,240,67,-100,126,0,-26
1245,240,66,-102,102,4,-24
1246,240,66,-102,70,10,-20
1247,240,65,-102,60,6,-22
1248,240,65,-102,50,10,-16
1249,240,64,-103,38,10,-18
1250,240,65,-103,0,18,-12
1251,240,65,-102,-28,12,0
1252,240,65,-101,-76,24,6
1253,240,65,-101,-70,20,10
1254,240,65,-100,-74,12,2
1255,240,65,-102,-80,12,-2
1256,241,66,-101,-86,10,0
1257,240,66,-101,-80,18,-2
1258,241,66,-101,-96,32,6
1259,241,67,-100,-66,34,4
1260,241,67,-99,-68,38,6
1261,242,67,-98,-50,34,2
1262,242,67,-97,-32,30,-2
1263,242,67,-97,-16,28,-4
1264,242,67,-97,-16,24,-10
1265,242,68,-96,0,22,-8
1266,242,67,-96,-8,24,-8
1267,242,68,-95,6,16,-8
1268,242,66,-95,0,16,-14
1269,242,67,-95,12,16,-8
1270,242,67,-95,14,12,-18
1271,242,67,-95,22,10,-22
1272,242,66,-96,20,12,-20
1273,242,67,-96,30,12,-12
1274,242,66,-95,32,12,-22
1275,242,66,-95,40,18,-28
1276,242,66,-96,36,22,-28
1277,242,66,-96,38,22,-30
1278,242,66,-96,30,22,-32
1279,242,67,-96,30,26,-28
1280,242,66,-97,20,24,-28
1281,242,67,-96,14,28,-24
1282,242,66,-96,16,26,-24
1283,242,67,-95,18,28,-26
1284,242,67,-96,30,28,-28
1285,242,66,-96,30,32,-28
1286,242,66,-95,44,32,-22
1287,243,68,-94,78,18,-20
1288,243,67,-95,86,2,6
1289,243,65,-96,38,4,14
1290,243,64,-98,46,16,0
1291,243,63,-96,70,38,-44
1292,244,64,-95,80,10,-36
1293,244,64,-96,112,0,-26
1294,244,63,-97,136,-16,-18
1295,244,62,-99,120,2,0
1296,244,61,-98,90,10,-6
1297,244,58,-99,78,4,-22
1298,244,60,-99,74,2,-38
1299,244,59,-101,56,4,-36
1300,244,60,-101,44,10,-34
1301,243,59,-101,30,8,-34
1302,243,60,-102,26,6,-36
1303,243,60,-100,20,-4,0
1304,243,59,-99,10,8,2
1305,243,59,-101,14,26,-2
1306,243,57,-101,-30,42,-24
1307,243,60,-100,-24,38,-36
1308,243,60,-99,-22,34,-46
1309,243,61,-100,-6,34,-38
1310,243,61,-100,-8,32,-38
1311,243,61,-99,-8,32,-38
1312,243,62,-100,6,32,-46
1313,243,62,-99,8,40,-54
1314,243,63,-98,0,46,-48
1315,243,64,-96,2,46,-42
1316,243,64,-97,0,44,-48
1317,243,64,-95,6,32,-40
1318,243,66,-96,0,22,-14
1319,242,63,-96,-10,32,-28
1320,243,65,-97,-8,44,-70
1321,243,65,-96,-2,40,-82
1322,243,68,-95,4,34,-76
1323,243,68,-95,26,28,-68
1324,243,70,-94,52,20,-58
1325,243,72,-92,228,-64,-8
1326,242,75,-78,1534,-514,40
1327,230,21,-94,2842,-742,-34
1328,224,3,-99,2498,-728,-142
1329,222,-7,-100,2198,-642,-94
1330,216,-30,-105,1928,-556,-132
1331,213,-46,-109,1722,-486,-108
1332,210,-56,-108,1470,-402,-102
1333,207,-69,-109,1236,-336,-98
1334,205,-78,-110,1074,-284,-86
1335,203,-85,-111,944,-244,-82
1336,202,-91,-111,844,-208,-78
1337,201,-98,-111,734,-176,-70
1338,199,-102,-113,658,-156,-54
1339,198,-107,-110,568,-140,-20
1340,197,-113,-111,456,-84,-52
1341,196,-117,-111,424,-56,-70
1342,193,-117,-112,330,-12,-20
1343,177,-111,-118,74,90,380
1344,163,-115,-134,-942,176,1324
1345,157,-124,-145,-2862,174,1968
1346,142,-106,-161,-2632,-220,1864
1347,123,-90,-203,-2152,-226,1680
1348,111,-61,-192,-1734,-254,1464
1349,100,-45,-199,-1444,-220,1264
1350,90,-34,-206,-1242,-174,1086
1351,82,-21,-212,-1028,-152,936
1352,75,-11,-217,-866,-132,802
1353,68,-4,-221,-740,-106,690
1354,63,1,-226,-660,-80,588
1355,58,7,-229,-558,-62,506
1356,54,11,-232,-478,-46,432
1357,48,15,-233,-386,-60,358
1358,48,17,-236,-334,-32,306
1359,45,19,-238,-274,-26,262
1360,43,21,-240,-226,-20,220
1361,41,23,-241,-188,-16,188
1362,39,23,-243,-148,0,154
1363,37,24,-244,-74,18,132
1364,37,24,-244,82,36,86
1365,38,20,-245,56,30,66
1366,36,20,-245,58,36,60
1367,36,16,-246,16,10,24
1368,36,15,-247,-50,-4,20
1369,34,18,-248,-56,2,12
1370,33,18,-249,-54,0,8
1371,33,17,-249,-42,12,0
1372,32,18,-249,-32,8,-2
1373,32,19,-249,-26,8,-2
1374,31,21,-249,-28,12,-6
1375,31,21,-249,-22,14,-10
1376,31,22,-249,-22,20,-14
1377,31,23,-249,-2,28,-20
1378,31,23,-250,38,38,-24
1379,32,22,-250,62,36,-22
1380,32,21,-250,54,36,-26
1381,32,20,-250,42,36,-24
1382,32,20,-251,28,34,-24
1383,32,20,-250,12,24,-6
1384,32,20,-250,-28,22,-6
1385,32,22,-250,-34,6,-2
1386,32,23,-250,-28,-20,-4
1387,30,23,-250,-10,-12,-2
1388,30,24,-250,-18,-10,-8
1389,30,24,-250,0,-6,-6
1390,29,25,-250,0,-6,-8
1391,28,26,-250,4,-2,-12
1392,28,26,-250,2,2,-12
1393,28,26,-250,4,4,-14
1394,27,26,-250,14,8,-14
1395,27,26,-250,10,8,-16
1396,27,26,-250,-4,12,-20
1397,27,26,-250,6,10,-20
1398,27,26,-250,22,6,-22
1399,26,26,-250,22,8,-22
1400,26,26,-250,22,14,-20
1401,26,26,-250,12,14,-22
1402,26,27,-250,18,10,-20
1403,26,27,-250,20,16,-20
1404,26,27,-250,10,16,-20
1405,26,27,-250,18,16,-20
1406,26,27,-250,16,14,-20
1407,26,27,-250,14,16,-20
1408,26,27,-250,6,16,-20
1409,26,27,-250,14,18,-20
1410,26,27,-250,14,14,-22
1411,26,27,-250,32,10,-22
1412,26,26,-250,26,14,-22
1413,26,26,-250,18,18,-22
1414,26,26,-250,16,18,-20
1415,26,26,-250,12,16,-20
1416,26,26,-250,10,20,-20
1417,26,26,-250,8,18,-20
1418,25,26,-251,12,20,-20
1419,26,27,-250,6,16,-22
1420,26,26,-250,16,16,-22
1421,26,27,-250,22,12,-20
1422,26,27,-250,24,16,-26
1423,26,26,-250,12,20,-24
1424,26,26,-250,4,20,-22
1425,26,27,-250,14,20,-16
1426,26,27,-250,-4,14,-22
1427,26,27,-250,14,18,-18
1428,26,27,-250,10,20,-20
1429,26,27,-251,36,26,-16
1430,26,27,-250,60,40,-20
1431,27,25,-250,84,56,-26
1432,27,24,-250,46,66,-32
1433,28,23,-250,40,72,-28
1434,29,24,-249,22,68,-22
1435,30,24,-250,30,56,-16
1436,31,23,-251,28,48,-20
1437,31,22,-250,28,32,-22
1438,32,23,-250,46,32,-18
1439,31,22,-250,38,18,-16
1440,32,21,-251,10,28,-18
1441,32,23,-251,-36,46,-12
1442,33,25,-250,-8,62,0
1443,32,19,-252,-28,114,-32
1444,35,23,-251,82,118,-26
1445,37,21,-249,100,128,-36
1446,39,23,-249,90,154,-38
1447,42,18,-251,80,112,-36
1448,43,17,-250,68,74,-12
1449,43,17,-250,52,54,-10
1450,43,16,-250,32,30,-14
1451,45,16,-250,26,14,0
1452,44,16,-250,42,2,0
1453,45,15,-249,44,0,10
1454,44,15,-250,44,-10,0
1455,43,14,-250,46,-8,-2
1456,43,13,-250,42,-4,-18
1457,43,13,-251,24,6,-26
1458,43,12,-250,4,-4,-32
1459,42,13,-250,14,-2,-36
1460,42,13,-251,14,4,-30
1461,42,13,-251,2,18,-26
1462,42,13,-250,2,6,-32
1463,42,13,-251,2,10,-32
1464,42,13,-250,14,8,-34
1465,42,14,-250,16,20,-32
1466,41,13,-250,36,42,-32
1467,42,14,-250,132,48,-40
1468,42,11,-250,192,34,-52
1469,42,8,-250,206,18,-34
1470,43,5,-250,180,30,-36
1471,43,3,-250,170,38,-38
1472,44,1,-250,154,44,-38
1473,44,0,-250,122,36,-40
1474,44,-1,-251,116,26,-38
1475,44,-1,-250,96,26,-26
1476,44,-1,-250,90,22,-28
1477,44,-2,-250,60,2,-28
1478,44,-3,-250,62,0,-28
1479,43,-3,-251,42,6,-30
1480,43,-3,-250,42,10,-26
1481,43,-3,-250,38,6,-20
1482,43,-3,-250,44,0,-16
1483,43,-3,-250,28,-2,-22
1484,42,-3,-250,20,0,-26
1485,42,-3,-250,18,6,-22
1486,42,-3,-250,24,2,-24
1487,42,-2,-250,46,4,-34
1488,41,-3,-250,26,20,-22
1489,42,-4,-250,48,32,-14
1490,41,-3,-249,68,6,-30
1491,41,-3,-249,-24,-20,6
1492,40,-3,-250,-4,-24,12
1493,39,-3,-250,-12,-20,4
1494,39,-3,-250,4,-14,0
1495,38,-2,-250,0,-12,-10
1496,37,-2,-250,0,-2,-8
1497,37,-2,-251,-14,16,-18
1498,37,-1,-250,8,12,-12
1499,37,-1,-250,16,2,-12
1500,36,-1,-251,-24,2,-10
1501,36,0,-251,-138,6,0
1502,34,2,-252,-100,-10,-6
1503,35,2,-252,-140,-40,-26
1504,34,4,-252,-164,-44,-36
1505,32,5,-251,-136,-34,-28
1506,31,8,-251,-102,-26,-22
1507,30,10,-251,-86,-18,-22
1508,29,11,-251,-60,-12,-20
1509,28,12,-251,-58,-6,-22
1510,28,13,-251,-50,2,-22
1511,27,14,-251,-46,6,-24
1512,27,15,-250,-18,0,-32
1513,26,16,-251,-30,4,-28
1514,26,16,-251,-40,6,-30
1515,26,18,-251,-24,8,-28
1516,26,18,-251,-16,8,-26
1517,25,18,-251,4,6,-24
1518,25,18,-252,14,6,-20
1519,25,18,-251,14,6,-18
1520,24,18,-251,8,6,-18
1521,24,18,-251,18,10,-20
1522,25,18,-251,22,8,-16
1523,25,18,-251,24,6,-16
1524,25,18,-250,6,10,-18
1525,24,18,-251,-10,8,-20
1526,23,18,-251,-8,2,-16
1527,24,18,-251,-10,4,-18
1528,23,19,-251,-10,8,-24
1529,23,20,-251,-6,2,-20
1530,23,20,-252,-12,4,-24
1531,23,21,-251,0,2,-16
1532,22,21,-251,12,2,-10
1533,22,21,-252,12,2,-14
1534,22,22,-251,20,2,-12
1535,22,22,-252,34,0,-10
1536,21,22,-252,34,2,-14
1537,21,21,-252,44,4,-12
1538,21,20,-252,46,4,-12
1539,21,19,-252,44,4,-10
1540,21,19,-252,36,6,-8
1541,20,19,-252,30,6,-8
1542,19,18,-252,32,10,-10
1543,19,18,-252,20,12,-14
1544,19,18,-252,18,14,-14
1545,19,17,-252,22,14,-12
1546,19,17,-252,20,14,-14
1547,19,18,-251,18,14,-16
1548,19,18,-252,14,14,-16
1549,19,18,-253,14,16,-18
1550,19,18,-252,14,18,-18
1551,19,18,-252,6,22,-20
1552,19,18,-252,16,38,-22
1553,11,20,-254,-62,6,-28
1554,1,23,-253,28,54,-48
1555,3,25,-253,-80,76,-100
1556,-2,25,-250,-80,68,-102
1557,0,22,-243,68,-86,-20
1558,6,15,-241,198,-444,98
1559,6,7,-247,440,-842,136
1560,0,-3,-257,486,-888,122
1561,-6,-3,-256,796,-694,212
1562,-21,-14,-256,664,-548,144
1563,-35,-11,-244,782,-490,96
1564,-45,-27,-241,784,-434,40
1565,-52,-35,-232,696,-392,12
1566,-52,-56,-223,638,-308,102
1567,-55,-59,-222,590,-254,92
1568,-67,-63,-220,528,-168,62
1569,-74,-71,-216,352,-124,50
1570,-75,-75,-214,238,-64,64
1571,-79,-75,-213,222,-46,92
1572,-83,-74,-215,96,-30,104
1573,-88,-76,-215,146,-18,102
1574,-88,-80,-213,392,-50,78
1575,-88,-85,-211,570,-54,100
1576,-88,-92,-207,706,-56,110
1577,-95,-102,-200,568,-34,90
1578,-97,-100,-196,-270,48,60
1579,-98,-115,-208,-464,212,-120
1580,-90,-111,-214,-966,502,-462
1581,-71,-83,-214,-820,766,-700
1582,-46,-65,-211,-880,1014,-744
1583,-24,-51,-212,-862,1020,-602
1584,-12,-40,-217,-852,836,-474
1585,-8,-23,-216,-998,588,-286
1586,-12,-10,-218,-736,302,-146
1587,-12,0,-225,-476,172,-88
1588,-2,2,-232,-410,196,-106
1589,0,8,-235,-304,156,-90
1590,4,10,-237,-290,116,-88
1591,6,13,-239,-248,108,-74
1592,8,16,-240,-204,92,-62
1593,10,20,-242,-172,84,-52
1594,11,21,-243,-144,72,-48
1595,13,24,-244,-92,64,-48
1596,14,25,-245,-20,46,-46
1597,15,24,-246,-4,38,-42
1598,15,23,-247,-6,38,-36
1599,16,22,-248,-28,40,-40
1600,16,23,-248,4,28,-34
1601,16,23,-249,10,28,-34
1602,17,23,-249,10,24,-32
1603,17,22,-249,0,26,-30
1604,17,23,-250,-6,28,-28
1605,17,23,-249,-8,24,-30
1606,17,23,-249,0,30,-28
1607,17,23,-250,-2,26,-30
1608,17,24,-250,0,24,-28
1609,17,25,-250,-4,24,-28
1610,18,25,-250,0,22,-26
1611,18,25,-250,4,18,-26
1612,18,26,-250,2,16,-24
1613,18,26,-250,2,16,-22
1614,18,27,-250,0,16,-22
1615,18,27,-250,0,16,-20
1616,18,27,-250,0,16,-22
1617,18,27,-250,0,18,-22
1618,18,28,-250,0,18,-22
1619,18,28,-250,2,16,-22
1620,18,29,-250,6,16,-28
1621,18,29,-250,10,18,-26
1622,18,29,-250,10,18,-24
1623,18,29,-250,2,24,-24
1624,19,29,-250,6,22,-22
1625,19,29,-250,0,20,-22
1626,19,30,-250,2,22,-22
1627,19,30,-250,4,22,-22
1628,19,30,-250,2,16,-20
1629,19,29,-250,8,16,-20
1630,19,30,-250,10,16,-20
1631,19,30,-250,12,14,-18
1632,19,30,-250,10,14,-20
1633,19,30,-250,22,12,-14
1634,19,31,-250,30,12,-14
1635,19,31,-250,8,16,-16
1636,20,31,-250,2,18,-18
1637,19,31,-250,0,18,-20
1638,19,31,-250,-6,22,-22
1639,19,31,-250,-2,24,-22
1640,19,32,-250,0,18,-22
1641,19,32,-250,-4,20,-24
1642,19,32,-250,2,22,-24
1643,19,32,-250,8,18,-22
1644,18,32,-250,2,20,-24
1645,19,32,-250,20,16,-18
1646,19,32,-250,18,14,-18
1647,19,32,-250,24,14,-18
1648,19,32,-250,22,16,-16
1649,19,32,-250,16,18,-16
1650,19,32,-250,10,18,-18
1651,19,33,-250,16,18,-18
1652,19,32,-250,18,14,-16
1653,19,32,-251,22,12,-10
1654,19,33,-250,36,6,-4
1655,19,32,-250,22,6,0
1656,19,32,-250,28,8,4
1657,19,31,-250,34,4,4
1658,19,32,-250,24,8,-2
1659,19,32,-250,12,10,-6
1660,19,32,-250,16,10,-8
1661,19,32,-250,24,10,-14
1662,19,31,-250,28,10,-16
1663,19,31,-250,26,14,-20
1664,19,31,-250,26,12,-20
1665,19,30,-251,10,20,-24
1666,19,31,-251,14,18,-22
1667,19,31,-251,12,20,-22
1668,19,31,-251,18,20,-22
1669,19,30,-251,20,18,-20
1670,19,30,-251,16,20,-20
1671,19,29,-251,14,20,-20
1672,19,30,-251,22,18,-20
1673,19,30,-251,8,20,-22
1674,19,30,-251,14,18,-22
1675,19,30,-251,16,18,-20
1676,19,30,-251,16,16,-20
1677,19,30,-251,20,16,-20
1678,19,30,-251,18,18,-20
1679,19,30,-251,16,18,-20
1680,19,30,-251,12,16,-18
1681,19,30,-251,12,18,-20
1682,19,30,-251,14,20,-20
1683,19,30,-252,12,20,-22
1684,19,30,-251,12,20,-22
1685,19,30,-251,16,20,-20
1686,19,30,-251,14,20,-20
1687,19,30,-251,14,18,-20
1688,19,30,-251,18,18,-20
1689,19,30,-251,20,18,-22
1690,19,30,-251,20,16,-22
1691,19,30,-251,20,18,-22
1692,19,30,-250,22,16,-22
1693,19,30,-251,22,16,-22
1694,19,30,-251,22,16,-22
1695,19,30,-251,18,16,-22
1696,19,30,-251,18,16,-22
1697,19,30,-251,18,18,-20
1698,19,30,-251,14,18,-22
1699,19,30,-251,14,18,-22
1700,19,29,-251,14,18,-20
1701,19,29,-251,14,18,-20
1702,19,29,-251,12,20,-20
1703,19,29,-251,14,18,-20
1704,19,29,-251,18,18,-20
1705,19,29,-251,16,18,-20
1706,19,29,-251,16,18,-20
1707,19,29,-251,12,20,-18
1708,19,29,-251,14,20,-18
1709,19,29,-251,12,20,-18
1710,19,29,-251,10,20,-20
1711,19,30,-251,8,18,-18
1712,19,29,-251,4,18,-20
1713,19,29,-251,4,18,-20
1714,19,30,-251,8,18,-20
1715,19,30,-251,10,18,-20
1716,19,30,-251,14,16,-20
1717,19,30,-251,8,16,-20
1718,19,30,-252,8,18,-20
1719,19,30,-251,6,18,-20
1720,19,30,-251,14,16,-18
1721,19,30,-251,14,18,-18
1722,19,30,-251,14,20,-18
1723,19,30,-251,18,18,-18
1724,19,29,-251,24,16,-16
1725,19,29,-251,26,16,-14
1726,19,29,-251,18,16,-14
1727,19,29,-251,20,14,-16
1728,19,29,-251,18,18,-18
1729,19,29,-251,22,16,-18
1730,19,29,-251,24,14,-20
1731,19,29,-251,30,16,-18
1732,19,28,-251,16,18,-20
1733,19,29,-251,10,18,-20
1734,19,29,-250,10,20,-18
1735,19,29,-251,12,16,-20
1736,19,29,-251,14,16,-20
1737,19,29,-251,10,16,-20
1738,19,29,-251,10,16,-22
1739,19,29,-251,12,18,-20
1740,19,29,-251,18,16,-20
1741,19,29,-251,22,14,-20
1742,19,29,-251,20,14,-20
1743,20,28,-251,16,16,-20
1744,19,28,-251,14,16,-18
1745,19,28,-251,10,20,-18
1746,19,28,-251,16,16,-18
1747,19,29,-251,16,16,-18
1748,19,28,-251,14,16,-18
1749,19,28,-251,16,16,-18
1750,19,28,-251,16,18,-18
1751,19,28,-251,16,16,-18
1752,19,28,-251,18,18,-18
1753,19,28,-251,18,18,-18
1754,19,28,-251,14,18,-18
1755,19,28,-251,10,20,-18
1756,19,28,-251,6,20,-18
1757,19,28,-251,10,22,-20
1758,19,28,-251,16,18,-20
1759,19,28,-251,16,20,-20
1760,19,28,-251,20,18,-20
1761,19,28,-251,24,18,-20
1762,19,28,-251,22,18,-18
1763,19,27,-251,26,18,-20
1764,19,28,-251,34,18,-16
1765,19,27,-251,24,20,-16
1766,19,27,-251,20,18,-18
1767,19,26,-251,18,24,-20
1768,19,26,-251,16,20,-20
1769,19,26,-251,16,20,-20
1770,19,26,-251,16,20,-22
1771,19,26,-251,0,24,-24
1772,19,27,-251,10,20,-24
1773,19,27,-251,8,22,-26
1774,19,28,-250,8,24,-28
1775,19,28,-251,2,24,-28
1776,19,28,-251,0,24,-28
1777,20,28,-251,2,24,-28
1778,20,28,-251,-4,22,-26
1779,20,28,-251,-4,24,-26
1780,20,28,-251,-8,26,-26
1781,20,29,-251,-4,24,-28
1782,20,30,-251,0,24,-26
1783,20,30,-251,0,24,-26
1784,20,30,-251,6,22,-24
1785,20,31,-251,8,22,-24
1786,20,31,-251,8,22,-24
1787,20,31,-251,10,18,-24
1788,20,31,-251,12,22,-26
1789,20,30,-251,6,22,-24
1790,20,32,-250,12,16,-22
1791,20,31,-251,10,18,-22
1792,20,31,-251,12,16,-24
1793,20,32,-251,22,12,-22
1794,20,32,-251,20,14,-24
1795,20,33,-251,24,14,-22
1796,20,32,-250,14,22,-24
1797,20,33,-250,16,18,-24
1798,20,32,-250,16,18,-22
1799,20,32,-251,16,16,-22
1800,20,32,-251,12,26,-22
1801,20,32,-251,14,20,-20
1802,20,32,-251,8,20,-18
1803,20,33,-251,6,20,-20
1804,20,33,-251,4,22,-20
1805,20,33,-251,16,18,-18
1806,20,32,-251,28,18,-18
1807,20,33,-251,48,10,-12
1808,20,32,-251,28,16,-16
1809,20,32,-251,22,18,-16
1810,20,32,-251,24,16,-16
1811,20,32,-251,22,18,-16
1812,20,31,-251,16,20,-16
1813,20,31,-251,16,20,-16
1814,20,31,-251,12,20,-18
1815,20,31,-251,2,22,-20
1816,20,31,-251,-2,22,-20
1817,20,32,-251,0,22,-22
1818,20,32,-251,6,20,-22
1819,20,31,-251,10,18,-22
1820,20,32,-251,10,18,-22
1821,20,32,-251,2,18,-22
1822,20,32,-251,-4,24,-22
1823,20,32,-251,6,24,-20
1824,20,32,-251,18,18,-18
1825,21,33,-251,20,18,-18
1826,21,33,-251,20,14,-18
1827,21,32,-251,20,14,-18
1828,21,33,-251,24,12,-18
1829,21,33,-251,18,14,-18
1830,22,33,-251,30,8,-12
1831,21,33,-250,28,4,-12
1832,21,32,-251,50,-8,-8
1833,20,31,-251,70,-10,-10
1834,19,29,-252,74,-2,-12
1835,19,28,-251,60,4,-14
1836,19,27,-251,48,8,-16
1837,19,27,-251,36,10,-20
1838,20,27,-251,38,10,-14
1839,19,27,-251,18,16,-18
1840,19,27,-251,28,10,-14
1841,19,26,-251,14,14,-16
1842,19,27,-251,2,20,-16
1843,19,27,-251,6,20,-18
1844,19,27,-251,6,16,-18
1845,19,27,-251,-6,22,-20
1846,19,28,-251,2,20,-20
1847,19,28,-251,12,16,-18
1848,18,28,-251,-2,28,-24
1849,19,29,-251,0,36,-24
1850,19,29,-251,-8,38,-26
1851,19,30,-251,0,36,-24
1852,20,30,-251,2,34,-24
1853,20,30,-251,0,32,-22
1854,20,30,-251,2,30,-22
1855,20,31,-251,0,30,-22
1856,20,31,-251,8,26,-18
1857,20,31,-252,10,26,-14
1858,20,32,-251,10,20,-14
1859,20,31,-251,6,18,-18
1860,20,31,-251,12,16,-14
1861,20,31,-251,14,12,-14
1862,20,32,-251,12,8,-12
1863,20,32,-251,4,8,-4
1864,20,33,-251,0,4,-4
1865,20,33,-251,8,6,-2
1866,20,33,-251,10,8,-2
1867,20,33,-251,6,12,-4
1868,20,33,-250,8,14,-8
1869,20,33,-251,18,12,-16
1870,19,34,-250,8,18,-22
1871,20,34,-251,16,22,-26
1872,20,34,-250,12,28,-24
1873,20,34,-251,4,28,-24
1874,20,34,-250,20,22,-18
1875,20,34,-251,20,26,-20
1876,20,34,-251,26,22,-26
1877,21,34,-250,16,24,-20
1878,21,33,-251,20,24,-18
1879,21,33,-251,24,22,-18
1880,21,33,-251,18,22,-18
1881,21,32,-251,14,16,-18
1882,21,33,-251,22,20,-20
1883,22,33,-251,22,20,-18
1884,22,32,-251,16,22,-20
1885,22,32,-251,18,22,-20
1886,22,31,-252,10,26,-24
1887,22,32,-251,18,22,-18
1888,22,32,-251,22,20,-18
1889,22,32,-251,20,18,-20
1890,22,32,-251,18,18,-18
1891,22,31,-251,18,20,-18
1892,22,31,-251,10,28,-18
1893,22,31,-251,16,22,-22
1894,22,31,-251,12,22,-24
1895,22,32,-251,10,22,-22
1896,22,32,-251,2,22,-24
1897,22,31,-251,-2,24,-22
1898,22,31,-251,-4,22,-22
1899,22,32,-251,-8,22,-22
1900,23,32,-251,0,20,-22
1901,22,32,-251,4,20,-20
1902,22,33,-251,0,22,-20
1903,22,33,-251,0,22,-22
1904,22,34,-251,4,20,-20
1905,22,33,-251,8,18,-20
1906,22,34,-251,8,18,-20
1907,22,34,-251,12,18,-20
1908,22,34,-251,10,20,-18
1909,22,34,-251,14,18,-20
1910,22,34,-251,12,18,-20
1911,22,34,-251,18,16,-20
1912,22,34,-251,14,18,-20
1913,22,34,-251,10,18,-20
1914,22,34,-251,12,16,-20
1915,22,34,-251,10,16,-20
1916,22,34,-251,14,14,-20
1917,22,34,-251,16,14,-20
1918,22,34,-251,20,12,-20
1919,22,34,-251,16,14,-20
1920,22,33,-251,14,14,-22
1921,22,34,-251,14,16,-22
1922,22,34,-251,12,16,-20
1923,22,34,-251,10,16,-20
1924,22,34,-251,8,18,-18
1925,22,34,-251,12,18,-18
1926,22,34,-251,10,18,-18
1927,22,34,-251,14,18,-18
1928,22,34,-251,12,20,-18
1929,22,34,-251,12,20,-18
1930,22,34,-251,8,20,-20
1931,22,36,-251,14,20,-16
1932,22,34,-251,6,24,-18
1933,22,34,-251,10,22,-18
1934,22,35,-251,14,20,-20
1935,22,35,-251,10,22,-20
1936,23,35,-251,8,20,-20
1937,23,35,-250,6,22,-22
1938,23,35,-251,6,22,-22
1939,23,35,-251,6,22,-22
1940,23,35,-251,8,22,-22
1941,23,35,-251,10,20,-22
1942,23,35,-251,10,20,-22
1943,23,35,-251,12,18,-18
1944,24,36,-250,16,20,-20
1945,23,35,-251,2,18,-22
1946,24,35,-251,10,16,-22
1947,24,34,-251,10,14,-24
1948,24,35,-251,16,12,-24
1949,24,35,-251,14,12,-22
1950,24,35,-251,14,12,-22
1951,24,35,-251,8,16,-22
1952,24,35,-251,8,16,-22
1953,24,35,-251,6,18,-22
1954,24,35,-251,6,18,-20
1955,24,36,-251,6,20,-20
1956,24,36,-251,4,20,-20
1957,24,36,-251,6,18,-20
1958,24,36,-251,4,20,-20
1959,24,36,-251,4,20,-22
1960,24,36,-251,6,18,-24
1961,24,37,-250,22,18,-24
1962,24,37,-250,32,16,-20
1963,24,36,-250,20,16,-20
1964,24,36,-250,18,16,-18
1965,24,37,-250,18,18,-18
1966,24,36,-250,16,14,-18
1967,24,36,-250,24,14,-16
1968,24,36,-250,22,14,-18
1969,24,36,-250,28,18,-18
1970,24,36,-250,22,16,-18
1971,24,35,-250,22,18,-16
1972,24,35,-250,16,16,-16
1973,24,35,-250,16,18,-18
1974,24,35,-250,14,18,-18
1975,24,35,-250,20,16,-20
1976,24,35,-250,20,14,-18
1977,24,34,-250,22,12,-20
1978,24,35,-250,24,12,-20
1979,24,35,-250,22,12,-20
1980,24,35,-250,20,14,-20
1981,24,34,-250,18,16,-20
1982,24,35,-250,20,14,-20
1983,24,34,-250,18,16,-18
1984,24,34,-250,20,16,-18
1985,24,34,-250,16,18,-18
1986,24,34,-250,16,16,-18
1987,24,34,-250,18,16,-18
1988,24,33,-251,18,16,-18
1989,24,34,-250,20,16,-18
1990,24,34,-250,18,18,-18
1991,24,34,-250,20,16,-18
1992,24,34,-250,16,20,-18
1993,24,34,-250,16,18,-18
1994,24,34,-250,18,18,-18
1995,24,34,-251,18,16,-18
1996,24,34,-250,16,18,-18
1997,24,34,-250,18,18,-18
1998,24,34,-250,16,18,-18
1999,24,34,-250,16,18,-18
2000,24,34,-250,20,16,-18
2001,24,34,-250,20,16,-18
2002,24,33,-250,22,16,-18
2003,24,34,-250,20,16,-18
2004,24,34,-250,20,16,-18
2005,24,34,-250,24,18,-20
2006,24,33,-250,10,24,-30
2007,25,31,-251,14,24,-36
2008,25,31,-251,16,34,-32
2009,24,32,-251,14,32,-30
2010,25,32,-251,12,30,-24
2011,25,32,-251,2,28,-22
2012,25,32,-251,8,26,-22
2013,25,32,-251,8,22,-22
2014,25,32,-251,10,20,-22
2015,25,32,-251,6,22,-20
2016,25,33,-251,10,22,-20
2017,25,33,-251,4,20,-18
2018,25,33,-251,12,16,-18
2019,25,33,-251,18,14,-18
2020,25,33,-251,16,12,-20
2021,25,33,-251,22,12,-18
2022,25,33,-251,22,14,-16
2023,25,33,-251,26,14,-16
2024,25,33,-251,22,16,-14
2025,25,33,-251,28,16,-12
2026,25,33,-251,30,18,-10
2027,25,33,-251,28,18,-10
2028,25,32,-251,26,20,-10
2029,25,32,-251,26,20,-10
2030,25,31,-251,34,18,-10
2031,25,31,-251,38,18,-8
2032,25,31,-251,34,18,-8
2033,25,31,-251,38,20,-8
2034,25,31,-251,40,18,-8
2035,25,30,-251,34,22,-10
2036,25,29,-251,32,22,-10
2037,25,29,-251,34,18,-10
2038,25,28,-251,26,18,-10
2039,25,28,-251,28,16,-10
2040,25,28,-251,32,16,-10
2041,25,28,-251,28,12,-12
2042,25,27,-251,24,16,-12
2043,25,27,-251,18,16,-14
2044,25,27,-250,14,16,-12
2045,25,26,-251,16,14,-14
2046,25,27,-250,18,10,-14
2047,24,26,-251,18,10,-12
2048,25,27,-251,30,6,-12
2049,24,27,-251,26,8,-12
2050,24,26,-251,26,8,-12
2051,24,26,-251,22,12,-12
2052,24,26,-251,16,12,-12
2053,24,26,-251,16,14,-10
2054,24,26,-251,14,12,-10
2055,24,26,-252,18,12,-10
2056,24,26,-251,20,12,-8
2057,24,26,-251,20,12,-10
2058,24,26,-251,22,10,-10
2059,24,26,-251,22,10,-10
2060,24,25,-251,18,12,-10
2061,24,25,-251,20,12,-14
2062,24,25,-251,20,14,-14
